<?xml version="1.0" encoding="UTF-8"?>
<project-private xmlns="http://www.netbeans.org/ns/project-private/1">
    <editor-bookmarks xmlns="http://www.netbeans.org/ns/editor-bookmarks/2" lastBookmarkId="0"/>
    <open-files xmlns="http://www.netbeans.org/ns/projectui-open-files/2">
        <group>
            <file>file:/C:/Users/djodr/Documents/FURB-Academics-Projects/Furb-Grafos/Grafos-Trabalho1/src/questao4/ReconheceGrafo.java</file>
            <file>file:/C:/Users/djodr/Documents/FURB-Academics-Projects/Furb-Grafos/Grafos-Trabalho1/src/grafos/trabalho1/Grafo.java</file>
            <file>file:/C:/Users/djodr/Documents/FURB-Academics-Projects/Furb-Grafos/Grafos-Trabalho1/src/grafos/trabalho1/Main.java</file>
        </group>
    </open-files>
</project-private>
